{process_default_handler,association_setup_handler,process_default_handler,process_default_handler,process_default_handler,process_default_handler,process_default_handler,process_default_handler,process_default_handler,process_default_handler,process_default_handler,process_default_handler,process_default_handler,process_default_handler,process_default_handler,process_default_handler,process_default_handler,process_default_handler,process_default_handler,process_default_handler,process_default_handler},
{process_default_handler,csr_buffer_handler,process_default_handler,process_assoc_resp_handler,process_default_handler,process_default_handler,process_default_handler,process_default_handler,process_default_handler,process_default_handler,process_default_handler,process_default_handler,process_default_handler,process_default_handler,process_default_handler,process_default_handler,process_default_handler,process_default_handler,process_default_handler,process_default_handler,process_default_handler},
{process_default_handler,process_cs_req_handler,process_default_handler,process_assoc_resp_handler,process_default_handler,process_default_handler,process_default_handler,process_default_handler,process_default_handler,process_default_handler,process_default_handler,process_default_handler,process_default_handler,process_default_handler,process_default_handler,process_default_handler,process_default_handler,process_default_handler,process_default_handler,process_default_handler,process_default_handler},
{process_default_handler,process_default_handler,process_default_handler,process_default_handler,process_default_handler,process_sess_est_resp_handler,process_default_handler,process_default_handler,process_default_handler,process_default_handler,process_default_handler,process_default_handler,process_default_handler,process_default_handler,process_default_handler,process_default_handler,process_default_handler,process_default_handler,process_default_handler,process_default_handler,process_default_handler},
{process_default_handler,process_default_handler,process_default_handler,process_default_handler,process_default_handler,process_default_handler,process_default_handler,process_default_handler,process_default_handler,process_default_handler,process_default_handler,process_default_handler,process_default_handler,process_default_handler,process_default_handler,process_default_handler,process_default_handler,process_default_handler,process_default_handler,process_default_handler,process_default_handler},
{process_default_handler,process_cs_req_handler,process_default_handler,process_default_handler,process_default_handler,process_default_handler,process_default_handler,process_mb_req_handler,process_default_handler,process_default_handler,process_default_handler,process_rel_access_ber_req_handler,process_ds_req_handler,process_default_handler,process_default_handler,process_default_handler,process_default_handler,process_default_handler,process_default_handler,process_rpt_req_handler,process_default_handler},
{process_default_handler,process_default_handler,process_default_handler,process_default_handler,process_default_handler,process_default_handler,process_default_handler,process_mb_req_handler,process_default_handler,process_default_handler,process_default_handler,process_default_handler,process_ds_req_handler,process_default_handler,process_default_handler,process_default_handler,process_default_handler,process_default_handler,process_default_handler,process_rpt_req_handler,process_default_handler},
{process_default_handler,process_default_handler,process_default_handler,process_default_handler,process_default_handler,process_default_handler,process_cs_resp_handler,process_default_handler,process_default_handler,process_default_handler,process_default_handler,process_default_handler,process_default_handler,process_default_handler,process_default_handler,process_default_handler,process_default_handler,process_default_handler,process_default_handler,process_default_handler,process_default_handler},
{process_default_handler,process_default_handler,process_default_handler,process_default_handler,process_default_handler,process_default_handler,process_default_handler,process_default_handler,process_default_handler,process_default_handler,process_default_handler,process_default_handler,process_default_handler,process_default_handler,process_default_handler,process_default_handler,process_default_handler,process_default_handler,process_default_handler,process_default_handler,process_default_handler},
{process_default_handler,process_default_handler,process_default_handler,process_default_handler,process_default_handler,process_default_handler,process_default_handler,process_default_handler,process_default_handler,process_sess_mod_resp_handler ,process_default_handler,process_default_handler,process_default_handler,process_default_handler,process_default_handler,process_default_handler,process_default_handler,process_default_handler,process_default_handler,process_default_handler,process_default_handler},
{process_default_handler,process_default_handler,process_default_handler,process_default_handler,process_default_handler,process_default_handler,process_default_handler,process_default_handler,process_default_handler,process_default_handler,process_default_handler,process_default_handler,process_default_handler,process_default_handler,process_default_handler,process_default_handler,process_default_handler,process_default_handler,process_default_handler,process_default_handler,process_default_handler},
{process_default_handler,process_default_handler,process_default_handler,process_default_handler,process_default_handler,process_default_handler,process_default_handler,process_default_handler,process_default_handler,process_default_handler,process_default_handler,process_default_handler,process_default_handler,process_default_handler,process_sess_del_resp_handler,process_default_handler,process_default_handler,process_default_handler,process_default_handler,process_default_handler,process_default_handler},
{process_default_handler,process_default_handler,process_default_handler,process_default_handler,process_default_handler,process_default_handler,process_default_handler,process_default_handler,process_default_handler,process_default_handler,process_default_handler,process_default_handler,process_default_handler,process_default_handler,process_default_handler,process_default_handler,process_default_handler,process_default_handler,process_default_handler,process_default_handler,process_default_handler},
{process_default_handler,process_default_handler,process_default_handler,process_default_handler,process_default_handler,process_default_handler,process_default_handler,process_default_handler,process_default_handler,process_default_handler,process_default_handler,process_default_handler,process_default_handler,process_default_handler,process_default_handler,process_ds_resp_handler,process_default_handler,process_default_handler,process_default_handler,process_default_handler,process_default_handler},
{process_default_handler,process_default_handler,process_default_handler,process_default_handler,process_default_handler,process_default_handler,process_default_handler,process_default_handler,process_default_handler,process_default_handler,process_default_handler,process_default_handler,process_default_handler,process_default_handler,process_default_handler,process_default_handler,process_default_handler,process_default_handler,process_default_handler,process_default_handler,process_default_handler},
{process_default_handler,process_default_handler,process_default_handler,process_default_handler,process_default_handler,process_default_handler,process_default_handler,process_default_handler,process_default_handler,process_default_handler,process_default_handler,process_default_handler,process_default_handler,process_default_handler,process_default_handler,process_default_handler,process_default_handler,process_default_handler,process_ddn_ack_resp_handler,process_default_handler,process_default_handler},
{process_default_handler,process_default_handler,process_default_handler,process_default_handler,process_default_handler,process_default_handler,process_default_handler,process_mb_req_handler,process_default_handler,process_default_handler,process_default_handler,process_default_handler,process_default_handler,process_default_handler,process_default_handler,process_default_handler,process_default_handler,process_default_handler,process_default_handler,process_default_handler,process_default_handler},
{process_default_handler,process_default_handler,process_default_handler,process_default_handler,process_default_handler,process_default_handler,process_default_handler,process_default_handler,process_default_handler,process_default_handler,process_default_handler,process_default_handler,process_default_handler,process_default_handler,process_default_handler,process_default_handler,process_default_handler,process_default_handler,process_default_handler,process_default_handler,process_default_handler}
